<?xml version="1.0" encoding="UTF-8"?>
<config xmlns="http://www.knime.org/2008/09/XMLConfig" xmlns:xsi="http://www.w3.org/2001/XMLSchema-instance" xsi:schemaLocation="http://www.knime.org/2008/09/XMLConfig http://www.knime.org/XMLConfig_2008_09.xsd" key="MiningSchema">
    <config key="learning">
        <entry key="array-size" type="xint" value="27"/>
        <entry key="0" type="xstring" value="Fever"/>
        <entry key="1" type="xstring" value="Tiredness"/>
        <entry key="2" type="xstring" value="Dry-Cough"/>
        <entry key="3" type="xstring" value="Difficulty-in-Breathing"/>
        <entry key="4" type="xstring" value="Sore-Throat"/>
        <entry key="5" type="xstring" value="None_Sympton"/>
        <entry key="6" type="xstring" value="Pains"/>
        <entry key="7" type="xstring" value="Nasal-Congestion"/>
        <entry key="8" type="xstring" value="Runny-Nose"/>
        <entry key="9" type="xstring" value="Diarrhea"/>
        <entry key="10" type="xstring" value="None_Experiencing"/>
        <entry key="11" type="xstring" value="Age_0-9"/>
        <entry key="12" type="xstring" value="Age_10-19"/>
        <entry key="13" type="xstring" value="Age_20-24"/>
        <entry key="14" type="xstring" value="Age_25-59"/>
        <entry key="15" type="xstring" value="Age_60+"/>
        <entry key="16" type="xstring" value="Gender_Female"/>
        <entry key="17" type="xstring" value="Gender_Male"/>
        <entry key="18" type="xstring" value="Gender_Transgender"/>
        <entry key="19" type="xstring" value="Severity_Mild"/>
        <entry key="20" type="xstring" value="Severity_Moderate"/>
        <entry key="21" type="xstring" value="Severity_None"/>
        <entry key="22" type="xstring" value="Severity_Severe"/>
        <entry key="23" type="xstring" value="Contact_Dont-Know"/>
        <entry key="24" type="xstring" value="Contact_No"/>
        <entry key="25" type="xstring" value="Contact_Yes"/>
        <entry key="26" type="xstring" value="Country"/>
    </config>
    <config key="target">
        <entry key="array-size" type="xint" value="1"/>
        <entry key="0" type="xstring" value="Condensed Column"/>
    </config>
</config>
